0,0
0.0005,-9.39936289797E-05
0.001,-0.000220467947656
0.0015,-0.000638897530735
0.002,-0.00134173198603
0.0025,-0.00241833366454
0.003,-0.00359590258449
0.0035,-0.00506417406723
0.004,-0.0062975413166
0.0045,-0.00757603254169
0.005,-0.008774837479
0.0055,-0.010284810327
0.006,-0.0115738213062
0.0065,-0.0128503870219
0.007,-0.0141392918304
0.0075,-0.0153569849208
0.008,-0.0165491141379
0.0085,-0.017934884876
0.009,-0.0193774346262
0.0095,-0.0206215120852
0.01,-0.0219752974808
0.0105,-0.0233267918229
0.011,-0.0248583611101
0.0115,-0.0261101126671
0.012,-0.0274451840669
0.0125,-0.0289900526404
0.013,-0.0301767550409
0.0135,-0.0316178165376
0.014,-0.0331826433539
0.0145,-0.0344485789537
0.015,-0.0357371196151
0.0155,-0.0371470078826
0.016,-0.0384916327894
0.0165,-0.0397260002792
0.017,-0.0401371344924
0.0175,-0.0401422642171
0.018,-0.0397950969636
0.0185,-0.0392555296421
0.019,-0.03847380355
0.0195,-0.0377927832305
0.02,-0.0374877639115
0.0205,-0.036799069494
0.021,-0.0358627960086
0.0215,-0.034911327064
0.022,-0.0338454097509
0.0225,-0.0326488427818
0.023,-0.0316854193807
0.0235,-0.0304605700076
0.024,-0.0288854632527
0.0245,-0.0274591073394
0.025,-0.0258623491973
0.0255,-0.0242440737784
0.026,-0.0226570125669
0.0265,-0.0210850257427
0.027,-0.0192843880504
0.0275,-0.0174314621836
0.028,-0.0156169040129
0.0285,-0.0139041719958
0.029,-0.0120327463374
0.0295,-0.0102667603642
0.03,-0.00830863881856
0.0305,-0.00647497875616
0.031,-0.00436645606533
0.0315,-0.0024320371449
0.032,-0.000188960155356
0.0325,0.00200429791585
0.033,0.00424318527803
0.0335,0.00649023288861
0.034,0.00860547274351
0.0345,0.0109217585996
0.035,0.0131337447092
0.0355,0.0153321903199
0.036,0.0174644179642
0.0365,0.0197548605502
0.037,0.0219491869211
0.0375,0.0240740738809
0.038,0.0263029038906
0.0385,0.0284740068018
0.039,0.030686577782
0.0395,0.0331178940833
0.04,0.0356500558555
0.0405,0.0382962562144
0.041,0.0409415140748
0.0415,0.0433980152011
0.042,0.046171028167
0.0425,0.048966370523
0.043,0.0515397377312
0.0435,0.0540888868272
0.044,0.0569076873362
0.0445,0.0596284382045
0.045,0.0624166876078
0.0455,0.065337896347
0.046,0.0684562548995
0.0465,0.0713757202029
0.047,0.0745275989175
0.0475,0.0776562690735
0.048,0.0806724652648
0.0485,0.0837422534823
0.049,0.0867955833673
0.0495,0.0900069922209
0.05,0.0933614820242
0.0505,0.0965048596263
0.051,0.0999345108867
0.0515,0.103268533945
0.052,0.106634885073
0.0525,0.109976664186
0.053,0.113500118256
0.0535,0.116902790964
0.054,0.120519198477
0.0545,0.124173633754
0.055,0.127548247576
0.0555,0.13133251667
0.056,0.135068774223
0.0565,0.138801649213
0.057,0.142677977681
0.0575,0.146401032805
0.058,0.150158300996
0.0585,0.154061824083
0.059,0.157949715853
0.0595,0.161893203855
0.06,0.16587652266
0.0605,0.169373318553
0.061,0.172969475389
0.0615,0.176792994142
0.062,0.180390581489
0.0625,0.184394612908
0.063,0.188375130296
0.0635,0.19255515933
0.064,0.196601003408
0.0645,0.200470969081
0.065,0.204247400165
0.0655,0.20811611414
0.066,0.212045744061
0.0665,0.215875282884
0.067,0.219929859042
0.0675,0.223978072405
0.068,0.228026434779
0.0685,0.232217773795
0.069,0.236287415028
0.0695,0.240370616317
0.07,0.244377359748
0.0705,0.248510882258
0.071,0.252469301224
0.0715,0.256323635578
0.072,0.260311156511
0.0725,0.264171600342
0.073,0.268042653799
0.0735,0.272026896477
0.074,0.27578163147
0.0745,0.279733806849
0.075,0.283442229033
0.0755,0.286888390779
0.076,0.290263444185
0.0765,0.293661892414
0.077,0.297110259533
0.0775,0.300602942705
0.078,0.304174512625
0.0785,0.307596206665
0.079,0.310553789139
0.0795,0.313481897116
0.08,0.316526859999
0.0805,0.319250702858
0.081,0.322180241346
0.0815,0.324855715036
0.082,0.327296197414
0.0825,0.329501360655
0.083,0.331721454859
0.0835,0.333823293447
0.084,0.33558884263
0.0845,0.337139546871
0.085,0.338607847691
0.0855,0.340016841888
0.086,0.341372489929
0.0865,0.342356562614
0.087,0.343137860298
0.0875,0.344045251608
0.088,0.345077514648
0.0885,0.345483601093
0.089,0.345986664295
0.0895,0.346286714077
0.09,0.347001761198
0.0905,0.347294986248
0.091,0.347734928131
0.0915,0.347980231047
0.092,0.348400205374
0.0925,0.348794519901
0.093,0.349233001471
0.0935,0.349877208471
0.094,0.350281506777
0.0945,0.350706487894
0.095,0.351401925087
0.0955,0.351913183928
0.096,0.352495461702
0.0965,0.353338390589
0.097,0.354102402925
0.0975,0.354771137238
0.098,0.355439007282
0.0985,0.35556948185
0.099,0.356073617935
0.0995,0.356751561165
0.1,0.357304155827
0.1005,0.357987135649
0.101,0.358967810869
0.1015,0.36055368185
0.102,0.361788511276
0.1025,0.363370209932
0.103,0.365313738585
0.1035,0.367180913687
0.104,0.369331032038
0.1045,0.371497839689
0.105,0.373788803816
0.1055,0.376460850239
0.106,0.378839671612
0.1065,0.381659001112
0.107,0.384475708008
0.1075,0.387498527765
0.108,0.390237510204
0.1085,0.393495559692
0.109,0.396784186363
0.1095,0.400375545025
0.11,0.403618007898
0.1105,0.407322227955
0.111,0.411313802004
0.1115,0.415012657642
0.112,0.418698102236
0.1125,0.422551304102
0.113,0.426433950663
0.1135,0.430458933115
0.114,0.434645086527
0.1145,0.438897162676
0.115,0.443474501371
0.1155,0.447817325592
0.116,0.452171862125
0.1165,0.456595510244
0.117,0.461148262024
0.1175,0.465938597918
0.118,0.470512777567
0.1185,0.475182563066
0.119,0.479505896568
0.1195,0.484236419201
0.12,0.489153623581
0.1205,0.494142174721
0.121,0.498795300722
0.1215,0.503512442112
0.122,0.508333683014
0.1225,0.513177454472
0.123,0.517902255058
0.1235,0.522365808487
0.124,0.527305185795
0.1245,0.532328665257
0.125,0.537250757217
0.1255,0.542017519474
0.126,0.547040879726
0.1265,0.552191674709
0.127,0.557088494301
0.1275,0.562338471413
0.128,0.567544102669
0.1285,0.572557270527
0.129,0.577727794647
0.1295,0.582894861698
0.13,0.588086307049
0.1305,0.593403935432
0.131,0.598797440529
0.1315,0.604268908501
0.132,0.609470248222
0.1325,0.614937543869
0.133,0.620411515236
0.1335,0.625801563263
0.134,0.63142734766
0.1345,0.636738240719
0.135,0.642440199852
0.1355,0.648080825806
0.136,0.653869986534
0.1365,0.659535109997
0.137,0.665460944176
0.1375,0.67127430439
0.138,0.677079319954
0.1385,0.682872712612
0.139,0.68883395195
0.1395,0.695087492466
0.14,0.701078474522
0.1405,0.70696657896
0.141,0.713305830956
0.1415,0.719478905201
0.142,0.725637435913
0.1425,0.731688261032
0.143,0.738082945347
0.1435,0.744449198246
0.144,0.750701487064
0.1445,0.757033824921
0.145,0.763517200947
0.1455,0.76980561018
0.146,0.776333868504
0.1465,0.782773435116
0.147,0.78906840086
0.1475,0.795309662819
0.148,0.801913559437
0.1485,0.808566689491
0.149,0.814638674259
0.1495,0.820624291897
0.15,0.827054142952
0.1505,0.833636522293
0.151,0.840098083019
0.1515,0.846031725407
0.152,0.852107286453
0.1525,0.858507335186
0.153,0.864679157734
0.1535,0.870762169361
0.154,0.87675088644
0.1545,0.88289552927
0.155,0.888873398304
0.1555,0.894698858261
0.156,0.900488972664
0.1565,0.906117498875
0.157,0.911733329296
0.1575,0.917414903641
0.158,0.922870516777
0.1585,0.928127408028
0.159,0.933388531208
0.1595,0.938654839993
0.16,0.943725943565
0.1605,0.94856017828
0.161,0.953460037708
0.1615,0.957985460758
0.162,0.962619483471
0.1625,0.967176556587
0.163,0.971594810486
0.1635,0.975714921951
0.164,0.979718804359
0.1645,0.983632147312
0.165,0.98758071661
0.1655,0.991617083549
0.166,0.99534034729
0.1665,0.998865485191
0.167,1.00218462944
0.1675,1.00549173355
0.168,1.00900018215
0.1685,1.01224839687
0.169,1.01531839371
0.1695,1.01845252514
0.17,1.02133786678
0.1705,1.02413725853
0.171,1.02691972256
0.1715,1.02956593037
0.172,1.03224658966
0.1725,1.03464996815
0.173,1.03702688217
0.1735,1.03939819336
0.174,1.04172742367
0.1745,1.04414045811
0.175,1.04632985592
0.1755,1.04838693142
0.176,1.05059850216
0.1765,1.05250871181
0.177,1.0545450449
0.1775,1.05646765232
0.178,1.05828917027
0.1785,1.06012308598
0.179,1.06203866005
0.1795,1.06381797791
0.18,1.06561493874
0.1805,1.0672852993
0.181,1.06886041164
0.1815,1.07039833069
0.182,1.07184278965
0.1825,1.07334268093
0.183,1.07462155819
0.1835,1.07607531548
0.184,1.07743060589
0.1845,1.07880699635
0.185,1.08005976677
0.1855,1.08136844635
0.186,1.08268725872
0.1865,1.08393239975
0.187,1.08515012264
0.1875,1.08632814884
0.188,1.08750760555
0.1885,1.08856630325
0.189,1.08966982365
0.1895,1.09078323841
0.19,1.09170150757
0.1905,1.09283077717
0.191,1.09367334843
0.1915,1.09472310543
0.192,1.09573960304
0.1925,1.09677374363
0.193,1.0977602005
0.1935,1.09864604473
0.194,1.0996721983
0.1945,1.10056710243
0.195,1.1014803648
0.1955,1.10222053528
0.196,1.1031140089
0.1965,1.1038838625
0.197,1.1046257019
0.1975,1.10536468029
0.198,1.10613226891
0.1985,1.10685706139
0.199,1.1076862812
0.1995,1.1084407568
0.2,1.10914707184
0.2005,1.10985791683
0.201,1.11065506935
0.2015,1.11124944687
0.202,1.11192274094
0.2025,1.11259829998
0.203,1.11329698563
0.2035,1.1139537096
0.204,1.11458361149
0.2045,1.11516857147
0.205,1.11569237709
0.2055,1.11629796028
0.206,1.1169012785
0.2065,1.11736512184
0.207,1.11803233624
0.2075,1.11865067482
0.208,1.1192637682
0.2085,1.1199272871
0.209,1.12053179741
0.2095,1.12116372585
0.21,1.1217161417
0.2105,1.1223590374
0.211,1.1228518486
0.2115,1.12346351147
0.212,1.12396621704
0.2125,1.12448310852
0.213,1.12493157387
0.2135,1.12542772293
0.214,1.1259086132
0.2145,1.12635457516
0.215,1.12680876255
0.2155,1.12717926502
0.216,1.12763631344
0.2165,1.12811052799
0.217,1.12849199772
0.2175,1.12901103497
0.218,1.12943041325
0.2185,1.12981271744
0.219,1.13030195236
0.2195,1.1308311224
0.22,1.1312738657
0.2205,1.13176691532
0.221,1.13226938248
0.2215,1.1327252388
0.222,1.13316094875
0.2225,1.13354432583
0.223,1.13397121429
0.2235,1.13429284096
0.224,1.13464307785
0.2245,1.1349966526
0.225,1.13543128967
0.2255,1.13570892811
0.226,1.13609349728
0.2265,1.13657093048
0.227,1.13703775406
0.2275,1.13744878769
0.228,1.13795101643
0.2285,1.13818955421
0.229,1.13864517212
0.2295,1.13893449306
0.23,1.13927829266
0.2305,1.13957333565
0.231,1.13984334469
0.2315,1.14012312889
0.232,1.14042568207
0.2325,1.14075779915
0.233,1.14101648331
0.2335,1.14145553112
0.234,1.14183664322
0.2345,1.14210367203
0.235,1.14253389835
0.2355,1.1428706646
0.236,1.14316821098
0.2365,1.14349091053
0.237,1.14361524582
0.2375,1.14379680157
0.238,1.14408254623
0.2385,1.14424407482
0.239,1.14447367191
0.2395,1.14486122131
0.24,1.1452627182
0.2405,1.14552211761
0.241,1.14601290226
0.2415,1.14636075497
0.242,1.14663672447
0.2425,1.14689207077
0.243,1.14716291428
0.2435,1.14742529392
0.244,1.14763963223
0.2445,1.14783382416
0.245,1.1480410099
0.2455,1.14827001095
0.246,1.14846158028
0.2465,1.14875364304
0.247,1.14896631241
0.2475,1.14916229248
0.248,1.1493768692
0.2485,1.14967703819
0.249,1.14998590946
0.2495,1.15019512177
0.25,1.15057504177
0.2505,1.15077936649
0.251,1.15108180046
0.2515,1.15129745007
0.252,1.15158843994
0.2525,1.1518381834
0.253,1.15199923515
0.2535,1.15224742889
0.254,1.15241599083
0.2545,1.15257680416
0.255,1.15278804302
0.2555,1.1528866291
0.256,1.15307927132
0.2565,1.15339326859
0.257,1.1535012722
0.2575,1.15379095078
0.258,1.15401256084
0.2585,1.15423333645
0.259,1.15443944931
0.2595,1.15462887287
0.26,1.15492486954
0.2605,1.15512824059
0.261,1.15530753136
0.2615,1.15567827225
0.262,1.15586078167
0.2625,1.15602529049
0.263,1.15623950958
0.2635,1.1563833952
0.264,1.15651476383
0.2645,1.15675902367
0.265,1.15696263313
0.2655,1.1571893692
0.266,1.15744233131
0.2665,1.1576423645
0.267,1.15794181824
0.2675,1.15823018551
0.268,1.15846741199
0.2685,1.15866398811
0.269,1.15909683704
0.2695,1.1593490839
0.27,1.15968596935
0.2705,1.16012430191
0.271,1.16021251678
0.2715,1.16054677963
0.272,1.16065573692
0.2725,1.16090273857
0.273,1.16144073009
0.2735,1.16175913811
0.274,1.16196799278
0.2745,1.16229486465
0.275,1.16255438328
0.2755,1.16273605824
0.276,1.16300702095
0.2765,1.16326129436
0.277,1.16334664822
0.2775,1.16347134113
0.278,1.16360282898
0.2785,1.16387605667
0.279,1.16428780556
0.2795,1.16460895538
0.28,1.1648747921
0.2805,1.1649916172
0.281,1.16511845589
0.2815,1.16516041756
0.282,1.16532087326
0.2825,1.16567850113
0.283,1.16610133648
0.2835,1.16638934612
0.284,1.16655945778
0.2845,1.16668272018
0.285,1.16697657108
0.2855,1.16712582111
0.286,1.16752231121
0.2865,1.16774833202
0.287,1.16807126999
0.2875,1.16838383675
0.288,1.16850411892
0.2885,1.16870439053
0.289,1.16875946522
0.2895,1.16901898384
0.29,1.1691133976
0.2905,1.16938304901
0.291,1.16965925694
0.2915,1.17004227638
0.292,1.17036163807
0.2925,1.17052769661
0.293,1.17085325718
0.2935,1.17115783691
0.294,1.17147386074
0.2945,1.17162466049
0.295,1.1717518568
0.2955,1.1719545126
0.296,1.17219221592
0.2965,1.17244851589
0.297,1.17276489735
0.2975,1.17297828197
0.298,1.17320418358
0.2985,1.173355937
0.299,1.17347621918
0.2995,1.17365765572
0.3,1.17374527454
0.3005,1.17388784885
0.301,1.1741039753
0.3015,1.17430043221
0.302,1.17467784882
0.3025,1.17484939098
0.303,1.1752603054
0.3035,1.175552845
0.304,1.17571246624
0.3045,1.17598545551
0.305,1.17634415627
0.3055,1.17641532421
0.306,1.17670214176
0.3065,1.17687189579
0.307,1.17712891102
0.3075,1.17734086514
0.308,1.17761659622
0.3085,1.17792260647
0.309,1.17794644833
0.3095,1.1782977581
0.31,1.17852675915
0.3105,1.17878460884
0.311,1.17900443077
0.3115,1.17922735214
0.312,1.17939066887
0.3125,1.17963325977
0.313,1.1798633337
0.3135,1.17999827862
0.314,1.18016242981
0.3145,1.18042385578
0.315,1.18067491055
0.3155,1.18085849285
0.316,1.18111371994
0.3165,1.18128669262
0.317,1.18154633045
0.3175,1.18176567554
0.318,1.18204939365
0.3185,1.18218398094
0.319,1.18234407902
0.3195,1.18259871006
0.32,1.18288099766
0.3205,1.18298947811
0.321,1.18325734138
0.3215,1.18348515034
0.322,1.18370997906
0.3225,1.18399262428
0.323,1.18418848515
0.3235,1.18452513218
0.324,1.18466675282
0.3245,1.18495607376
0.325,1.18515634537
0.3255,1.18529760838
0.326,1.18559491634
0.3265,1.18573367596
0.327,1.18609714508
0.3275,1.18632280827
0.328,1.18648922443
0.3285,1.18680250645
0.329,1.18692266941
0.3295,1.18723464012
0.33,1.1874396801
0.3305,1.18764817715
0.331,1.18790447712
0.3315,1.18806731701
0.332,1.18841409683
0.3325,1.18852353096
0.333,1.18878602982
0.3335,1.18915426731
0.334,1.18935120106
0.3345,1.18949139118
0.335,1.18982517719
0.3355,1.1901396513
0.336,1.19042205811
0.3365,1.1905875206
0.337,1.1909122467
0.3375,1.19102501869
0.338,1.19125413895
0.3385,1.1914447546
0.339,1.19171929359
0.3395,1.19188153744
0.34,1.19208407402
0.3405,1.1922557354
0.341,1.19243133068
0.3415,1.19255745411
0.342,1.19277119637
0.3425,1.19298565388
0.343,1.19324362278
0.3435,1.19334280491
0.344,1.19352149963
0.3445,1.19377434254
0.345,1.19398486614
0.3455,1.19418478012
0.346,1.19439256191
0.3465,1.19457828999
0.347,1.1949300766
0.3475,1.19510066509
0.348,1.19537007809
0.3485,1.19556128979
0.349,1.19580185413
0.3495,1.19604992867
0.35,1.19626069069
0.3505,1.19643378258
0.351,1.19679117203
0.3515,1.19700753689
0.352,1.19725370407
0.3525,1.19745409489
0.353,1.19767487049
0.3535,1.19791424274
0.354,1.1981446743
0.3545,1.1982254982
0.355,1.19852375984
0.3555,1.19879090786
0.356,1.1990506649
0.3565,1.1992675066
0.357,1.19952380657
0.3575,1.19973921776
0.358,1.19999611378
0.3585,1.2001491785
0.359,1.20036363602
0.3595,1.20054376125
0.36,1.20083105564
0.3605,1.20100903511
0.361,1.20125210285
0.3615,1.20149087906
0.362,1.20175206661
0.3625,1.20189428329
0.363,1.20215630531
0.3635,1.20228457451
0.364,1.20249688625
0.3645,1.20270168781
0.365,1.20284450054
0.3655,1.2031390667
0.366,1.20341444016
0.3665,1.20365107059
0.367,1.20380783081
0.3675,1.20408523083
0.368,1.20424187183
0.3685,1.2044044733
0.369,1.20469629765
0.3695,1.20489048958
0.37,1.20504522324
0.3705,1.20529258251
0.371,1.20551931858
0.3715,1.20578563213
0.372,1.20601427555
0.3725,1.20624482632
0.373,1.20654678345
0.3735,1.20666146278
0.374,1.20690095425
0.3745,1.20716059208
0.375,1.20734751225
0.3755,1.20751965046
0.376,1.2077575922
0.3765,1.20783698559
0.377,1.20807635784
0.3775,1.20828711987
0.378,1.20856750011
0.3785,1.20882511139
0.379,1.20900964737
0.3795,1.20928573608
0.38,1.20936250687
0.3805,1.20954799652
0.381,1.2097183466
0.3815,1.20992946625
0.382,1.21005725861
0.3825,1.21022939682
0.383,1.21038031578
0.3835,1.21045947075
0.384,1.21061325073
0.3845,1.21089279652
0.385,1.21105265617
0.3855,1.2112455368
0.386,1.21147453785
0.3865,1.21167397499
0.387,1.21187758446
0.3875,1.21209585667
0.388,1.21234095097
0.3885,1.21236741543
0.389,1.21258115768
0.3895,1.21283257008
0.39,1.21298551559
0.3905,1.2131279707
0.391,1.21341502666
0.3915,1.21352505684
0.392,1.21382498741
0.3925,1.21406972408
0.393,1.21421551704
0.3935,1.21443927288
0.394,1.21464157104
0.3945,1.21471524239
0.395,1.21501195431
0.3955,1.21521532536
0.396,1.21553266048
0.3965,1.21566081047
0.397,1.21595335007
0.3975,1.21615576744
0.398,1.21631860733
0.3985,1.21651792526
0.399,1.21669781208
0.3995,1.21698236465
0.4,1.21707820892
0.4005,1.21737265587
0.401,1.2176347971
0.4015,1.21779072285
0.402,1.21796643734
0.4025,1.21825146675
0.403,1.21841800213
0.4035,1.21867287159
0.404,1.21883487701
0.4045,1.21909630299
0.405,1.21919608116
0.4055,1.21937906742
0.406,1.21956729889
0.4065,1.21989023685
0.407,1.22004652023
0.4075,1.22026872635
0.408,1.22054314613
0.4085,1.22072172165
0.409,1.22087705135
0.4095,1.22121059895
0.41,1.22140812874
0.4105,1.22149038315
0.411,1.22171223164
0.4115,1.22182846069
0.412,1.22202634811
0.4125,1.22224640846
0.413,1.22254788876
0.4135,1.22272646427
0.414,1.22295355797
0.4145,1.22319042683
0.415,1.22338056564
0.4155,1.22353947163
0.416,1.22369134426
0.4165,1.22379589081
0.417,1.22413372993
0.4175,1.22430181503
0.418,1.22446632385
0.4185,1.2247480154
0.419,1.22483313084
0.4195,1.22499120235
0.42,1.22528207302
0.4205,1.22543787956
0.421,1.2256578207
0.4215,1.2258054018
0.422,1.22605347633
0.4225,1.22614789009
0.423,1.22631335258
0.4235,1.22656178474
0.424,1.22669029236
0.4245,1.22688651085
0.425,1.22702610493
0.4255,1.22729122639
0.426,1.22741770744
0.4265,1.22758889198
0.427,1.22781336308
0.4275,1.22795891762
0.428,1.2282012701
0.4285,1.22835838795
0.429,1.228495121
0.4295,1.22854375839
0.43,1.22878015041
0.4305,1.22886157036
0.431,1.22906398773
0.4315,1.22919881344
0.432,1.22934150696
0.4325,1.22948372364
0.433,1.22961354256
0.4335,1.22989046574
0.434,1.22996544838
0.4345,1.23012661934
0.435,1.23029661179
0.4355,1.23043608665
0.436,1.2305932045
0.4365,1.23067450523
0.437,1.23082184792
0.4375,1.2310179472
0.438,1.23105227947
0.4385,1.23127818108
0.439,1.23149430752
0.4395,1.23167181015
0.44,1.23178732395
0.4405,1.23194217682
0.441,1.23206055164
0.4415,1.23228299618
0.442,1.23233866692
0.4425,1.23253405094
0.443,1.232681036
0.4435,1.23284327984
0.444,1.23293304443
0.4445,1.2331058979
0.445,1.23320484161
0.4455,1.23351085186
0.446,1.2335460186
0.4465,1.23368895054
0.447,1.23387360573
0.4475,1.23402428627
0.448,1.234187603
0.4485,1.23432481289
0.449,1.23453617096
0.4495,1.23460924625
0.45,1.23479926586
0.4505,1.23497521877
0.451,1.23506879807
0.4515,1.23526477814
0.452,1.23540318012
0.4525,1.23551177979
0.453,1.23564422131
0.4535,1.23583328724
0.454,1.23590636253
0.4545,1.23611617088
0.455,1.23627531528
0.4555,1.23644161224
0.456,1.23653876781
0.4565,1.23671078682
0.457,1.23687911034
0.4575,1.23697793484
0.458,1.23720920086
0.4585,1.23741054535
0.459,1.23752915859
0.4595,1.23762774467
0.46,1.23770654202
0.4605,1.23793494701
0.461,1.23805880547
0.4615,1.23817634583
0.462,1.23838305473
0.4625,1.23849308491
0.463,1.23858332634
0.4635,1.23883628845
0.464,1.23892009258
0.4645,1.23920190334
0.465,1.23929917812
0.4655,1.23933565617
0.466,1.2395324707
0.4665,1.23949146271
0.467,1.23968827724
0.4675,1.23981881142
0.468,1.23999249935
0.4685,1.24003601074
0.469,1.24020683765
0.4695,1.2403345108
0.47,1.24049925804
0.4705,1.24055218697
0.471,1.24067389965
0.4715,1.24092900753
0.472,1.24099504948
0.4725,1.24113881588
0.473,1.24135112762
0.4735,1.24139750004
0.474,1.24150049686
0.4745,1.24160575867
0.475,1.24169754982
0.4755,1.24189054966
0.476,1.24199736118
0.4765,1.24210810661
0.477,1.24223029613
0.4775,1.24233567715
0.478,1.24247694016
0.4785,1.24252271652
0.479,1.24272179604
0.4795,1.2428483963
0.48,1.24294006824
0.4805,1.24315917492
0.481,1.24321436882
0.4815,1.24327170849
0.482,1.24339270592
0.4825,1.24354469776
0.483,1.24360883236
0.4835,1.24367368221
0.484,1.2438198328
0.4845,1.24397718906
0.485,1.24408817291
0.4855,1.24422848225
0.486,1.24428331852
0.4865,1.24451422691
0.487,1.24455428123
0.4875,1.24466967583
0.488,1.24484241009
0.4885,1.24499118328
0.489,1.24509131908
0.4895,1.24515616894
0.49,1.24532532692
0.4905,1.24544715881
0.491,1.24557650089
0.4915,1.24573922157
0.492,1.2457896471
0.4925,1.24589681625
0.493,1.24600183964
0.4935,1.24606966972
0.494,1.24622011185
0.4945,1.24638938904
0.495,1.2464350462
0.4955,1.24668765068
0.496,1.24681866169
0.4965,1.24693262577
0.497,1.24704933167
0.4975,1.24729573727
0.498,1.2473449707
0.4985,1.24740111828
0.499,1.24748528004
0.4995,1.24764621258
0.5,1.2477067709
0.5005,1.24781000614
0.501,1.24800109863
0.5015,1.24802350998
0.502,1.24807369709
0.5025,1.24813425541
0.503,1.24818921089
0.5035,1.2482663393
0.504,1.24845170975
0.5045,1.24850773811
0.505,1.24858629704
0.5055,1.24876105785
0.506,1.24885308743
0.5065,1.24889838696
0.507,1.24903714657
0.5075,1.24910795689
0.508,1.24928152561
0.5085,1.24934387207
0.509,1.24935925007
0.5095,1.2495919466
0.51,1.24964332581
0.5105,1.24976062775
0.511,1.24989926815
0.5115,1.24993669987
0.512,1.25002229214
0.5125,1.250015378
0.513,1.25003743172
0.5135,1.250213027
0.514,1.2502874136
0.5145,1.25053417683
0.515,1.25059485435
0.5155,1.25065338612
0.516,1.25076591969
0.5165,1.25088477135
0.517,1.25094377995
0.5175,1.25115132332
0.518,1.2511755228
0.5185,1.25135171413
0.519,1.25146865845
0.5195,1.25152182579
0.52,1.25157594681
0.5205,1.25168669224
0.521,1.25176918507
0.5215,1.2518709898
0.522,1.25204658508
0.5225,1.25206422806
0.523,1.25215661526
0.5235,1.25220966339
0.524,1.25237941742
0.5245,1.25253880024
0.525,1.25269019604
0.5255,1.25283491611
0.526,1.25293922424
0.5265,1.25306379795
0.527,1.25326418877
0.5275,1.25326502323
0.528,1.2533762455
0.5285,1.25353658199
0.529,1.25364100933
0.5295,1.25373029709
0.53,1.25384795666
0.5305,1.25392603874
0.531,1.25395464897
0.5315,1.25405991077
0.532,1.25418043137
0.5325,1.25432622433
0.533,1.25440490246
0.5335,1.25454342365
0.534,1.25467526913
0.5345,1.25469315052
0.535,1.25473368168
0.5355,1.25495016575
0.536,1.25501930714
0.5365,1.25511538982
0.537,1.25529801846
0.5375,1.25544095039
0.538,1.25551521778
0.5385,1.25559151173
0.539,1.2557271719
0.5395,1.25584471226
0.54,1.25589120388
0.5405,1.25605547428
0.541,1.25609576702
0.5415,1.25616574287
0.542,1.25628864765
0.5425,1.25626313686
0.543,1.25636947155
0.5435,1.25647842884
0.544,1.25667822361
0.5445,1.25671374798
0.545,1.25686085224
0.5455,1.25691628456
0.546,1.25699365139
0.5465,1.25711834431
0.547,1.25719153881
0.5475,1.25730025768
0.548,1.25739645958
0.5485,1.25753188133
0.549,1.25755298138
0.5495,1.25770008564
0.55,1.25787305832
0.5505,1.25793504715
0.551,1.25794827938
0.5515,1.2580678463
0.552,1.2581859827
0.5525,1.25829410553
0.553,1.25827789307
0.5535,1.25837016106
0.554,1.25840508938
0.5545,1.25846457481
0.555,1.25853276253
0.5555,1.25864493847
0.556,1.25881397724
0.5565,1.25888085365
0.557,1.25889420509
0.5575,1.25905013084
0.558,1.25915968418
0.5585,1.25920784473
0.559,1.25942575932
0.5595,1.25950467587
0.56,1.2595012188
0.5605,1.25967013836
0.561,1.25982177258
0.5615,1.25988507271
0.562,1.25996172428
0.5625,1.26002264023
0.563,1.26015281677
0.5635,1.26015806198
0.564,1.26018643379
0.5645,1.26030433178
0.565,1.26032531261
0.5655,1.26040923595
0.566,1.26053404808
0.5665,1.26070702076
0.567,1.26067984104
0.5675,1.26072645187
0.568,1.26089179516
0.5685,1.26098525524
0.569,1.26100420952
0.5695,1.26119863987
0.57,1.26125335693
0.5705,1.26139068604
0.571,1.26145780087
0.5715,1.26156353951
0.572,1.26163578033
0.5725,1.26174163818
0.573,1.26188373566
0.5735,1.26181387901
0.574,1.26200437546
0.5745,1.26195287704
0.575,1.26203882694
0.5755,1.26219391823
0.576,1.26222896576
0.5765,1.26229035854
0.577,1.26237809658
0.5775,1.26244330406
0.578,1.26256942749
0.5785,1.26257741451
0.579,1.26271367073
0.5795,1.26277351379
0.58,1.26293611526
0.5805,1.26305067539
0.581,1.26312279701
0.5815,1.26324141026
0.582,1.26331162453
0.5825,1.2633998394
0.583,1.26349961758
0.5835,1.26353788376
0.584,1.2636102438
0.5845,1.26375079155
0.585,1.26384425163
0.5855,1.26386463642
0.586,1.26402699947
0.5865,1.26396858692
0.587,1.26415646076
0.5875,1.26415920258
0.588,1.26423978806
0.5885,1.2643777132
0.589,1.26441311836
0.5895,1.26451432705
0.59,1.26458001137
0.5905,1.26465702057
0.591,1.26476895809
0.5915,1.26489019394
0.592,1.26489567757
0.5925,1.26506209373
0.593,1.26514017582
0.5935,1.26526045799
0.594,1.26527643204
0.5945,1.26551628113
0.595,1.26548850536
0.5955,1.26557779312
0.596,1.2656917572
0.5965,1.26582503319
0.597,1.26584017277
0.5975,1.26589143276
0.598,1.26602125168
0.5985,1.26608479023
0.599,1.26613390446
0.5995,1.26623249054
0.6,1.26633155346
0.6005,1.26639068127
0.601,1.26650488377
0.6015,1.26666474342
0.602,1.26672160625
0.6025,1.26685333252
0.603,1.26693058014
0.6035,1.26700246334
0.604,1.26711893082
0.6045,1.26719582081
0.605,1.26730704308
0.6055,1.26734554768
0.606,1.2675242424
0.6065,1.26765942574
0.607,1.26765918732
0.6075,1.26789736748
0.608,1.26792085171
0.6085,1.26807427406
0.609,1.26805877686
0.6095,1.26822471619
0.61,1.26823234558
0.6105,1.26831448078
0.611,1.2682864666
0.6115,1.26847040653
0.612,1.26856529713
0.6125,1.26860260963
0.613,1.26865625381
0.6135,1.26875686646
0.614,1.26883494854
